date,open,high,low,close,adjusted_close,volume,split_factor
2026-09-11,156.1,159.5,145.9,149.3,149.3,1811876.0,1.0
2026-09-14,133.72,139.77,129.0,135.37,135.37,1637527.0,1.0
2026-09-15,136.51,137.24,129.09,134.27,134.27,955778.0,1.0
2026-09-16,142.23,142.25,121.45,127.9,127.9,2032122.0,1.0
2026-09-17,141.35,144.97,135.88,142.61,142.61,1374927.0,1.0
2026-09-18,143.17,143.17,135.26,141.51,141.51,1273194.0,1.0
2026-09-21,142.44,142.44,133.33,136.27,136.27,1036203.0,1.0
2026-09-22,136.58,153.695,136.16,151.51,151.51,1346134.0,1.0
2026-09-23,138.66,139.15,128.28,131.07,131.07,2304372.0,1.0
2026-09-24,126.08,126.68,119.38,125.17,125.17,2097007.0,1.0
2026-09-25,125.68,129.3,121.08,127.75,127.75,1199540.0,1.0
2026-09-28,107.8,113.5,105.031,107.0,107.0,2402227.0,1.0
2026-09-29,109.47,111.88,106.01,110.98,110.98,1457035.0,1.0
2026-09-30,113.5,113.68,106.005,106.27,106.27,1305309.0,1.0
2026-10-01,105.61,106.53,101.25,102.14,102.14,1341420.0,1.0
2026-10-02,107.295,108.8,100.4,105.28,105.28,1551295.0,1.0
2026-10-05,105.19,106.51,98.74,104.18,104.18,1013365.0,1.0
