date,open,high,low,close,adjusted_close,volume,split_factor
2026-09-11,125.15,125.6,121.56,121.88,121.587101,38843.0,1.0
2026-09-14,127.3,129.0,125.77,127.0,126.694797,75766.0,1.0
2026-09-15,127.07,127.43,123.66,126.86,126.555134,40503.0,1.0
2026-09-16,127.2,129.165,126.3,127.05,126.744677,21449.0,1.0
2026-09-17,128.74,130.0,127.25,129.32,129.009222,25123.0,1.0
2026-09-18,128.14,129.6,127.0,128.39,128.081457,23154.0,1.0
2026-09-21,128.18,132.4,126.872,131.16,130.8448,43791.0,1.0
2026-09-22,130.02,134.817,128.2,132.9,132.9,27687.0,1.0
2026-09-23,133.17,135.4,129.0,130.33,130.33,39544.0,1.0
2026-09-24,130.39,136.51,130.39,132.67,132.67,40652.0,1.0
2026-09-25,133.02,135.05,130.01,134.56,134.56,31850.000000000004,1.0
2026-09-28,132.9,137.282,132.0,135.73,135.73,35913.0,1.0
2026-09-29,134.57,135.68,130.18,134.71,134.71,46877.0,1.0
2026-09-30,132.6,133.75,129.183,129.49,129.49,60417.0,1.0
2026-10-01,128.5,129.0,123.477,124.04,124.04,80412.0,1.0
2026-10-02,124.88,124.88,121.95,124.02,124.02,27119.0,1.0
