momentum_window,replacement_buffer,index_window,ending_equity,total_return,cagr,annual_volatility,sharpe,max_drawdown,calmar,total_turnover,annual_turnover,trade_days,trade_days_per_year,average_exposure,stop_count
10,0.0,60,3.45235677650834,2.45235677650834,0.5764316452747182,0.3392679148259964,1.5123913413789292,-0.19038294688934676,3.027748307781728,172.0,63.183673469387756,169,62.08163265306122,0.6793002915451894,0
10,0.02,60,3.4583777530300783,2.4583777530300783,0.5774410455114747,0.34157727281687933,1.5064025612435095,-0.1835610626208597,3.145770880092164,110.0,40.40816326530612,110,40.40816326530612,0.6793002915451894,0
10,0.04,60,3.454482206909019,2.454482206909019,0.5767880949555848,0.3450507085290887,1.4936386565356963,-0.19907836598651507,2.8972916876093637,88.0,32.326530612244895,88,32.326530612244895,0.6793002915451894,0
15,0.0,60,3.0750452093762655,2.0750452093762655,0.5108131526505952,0.3485555853890673,1.3589395281335388,-0.21858894401985351,2.336866372364195,142.0,52.16326530612245,139,51.06122448979592,0.6793002915451894,0
15,0.02,60,3.2294948130078933,2.2294948130078933,0.5382574728117095,0.3469487693928405,1.4156621611058913,-0.2127355762478581,2.530171409527601,87.0,31.959183673469386,87,31.959183673469386,0.6793002915451894,0
15,0.04,60,3.726127986975903,2.726127986975903,0.6212492657195818,0.35064128748400036,1.5546955352329515,-0.19547154284922597,3.1782082274695767,67.0,24.612244897959183,67,24.612244897959183,0.6793002915451894,0
20,0.0,60,3.4415329943801445,2.4415329943801445,0.5746142634889351,0.35030244240117386,1.472684658592132,-0.20493710104648233,2.803856698249114,121.0,44.44897959183673,118,43.3469387755102,0.6793002915451894,0
20,0.02,60,3.8378841573095532,2.8378841573095532,0.6389449159565894,0.3505025766052999,1.5862871582045146,-0.20207538520328427,3.1619136359127666,79.0,29.020408163265305,79,29.020408163265305,0.6793002915451894,0
20,0.04,60,3.479947831273981,2.479947831273981,0.5810481113607457,0.3547801035822731,1.4698656864580766,-0.19857464641725997,2.9260941507094707,64.0,23.51020408163265,64,23.51020408163265,0.6793002915451894,0
30,0.0,60,2.83754113645059,1.8375411364505898,0.4668540971444035,0.3565761746810398,1.253709335265736,-0.2550984298133071,1.8300939660274234,103.0,37.83673469387755,102,37.46938775510204,0.6793002915451894,0
30,0.02,60,3.119732973100708,2.119732973100708,0.5188417368147709,0.35791648002929444,1.3479716829354074,-0.23494058880678337,2.208395490323171,69.0,25.346938775510203,69,25.346938775510203,0.6793002915451894,0
30,0.04,60,3.2995169227051364,2.2995169227051364,0.5504263926837043,0.3562147321608579,1.410546574513839,-0.2117160194202794,2.5998334665032967,57.0,20.93877551020408,57,20.93877551020408,0.6793002915451894,0
