year,strategy_id,scenario,return
2022,t5_v0_2_baseline,base,-0.058428596779333764
2023,t5_v0_2_baseline,base,0.3241018835075329
2024,t5_v0_2_baseline,base,0.09122683789393715
2025,t5_v0_2_baseline,base,0.8413860763969305
2026,t5_v0_2_baseline,base,0.2581449719607438
2022,t5_v0_2_baseline,stress,-0.08668973219946696
2023,t5_v0_2_baseline,stress,0.33828513363173296
2024,t5_v0_2_baseline,stress,0.07088721855688451
2025,t5_v0_2_baseline,stress,0.8857260578540209
2026,t5_v0_2_baseline,stress,0.23609922065244482
2022,t5_neighbor_10d,base,-0.058428596779333764
2023,t5_neighbor_10d,base,0.3241018835075329
2024,t5_neighbor_10d,base,0.06372651268965313
2025,t5_neighbor_10d,base,0.9378940020211599
2026,t5_neighbor_10d,base,0.18098926898931156
2022,t5_neighbor_10d,stress,-0.08668973219946696
2023,t5_neighbor_10d,stress,0.33828513363173296
2024,t5_neighbor_10d,stress,0.014215013046847913
2025,t5_neighbor_10d,stress,0.9975523354170348
2026,t5_neighbor_10d,stress,0.12485258299498314
2022,t5_neighbor_20d,base,-0.058428596779333764
2023,t5_neighbor_20d,base,0.3241018835075329
2024,t5_neighbor_20d,base,0.07164261351384638
2025,t5_neighbor_20d,base,0.8184054001507246
2026,t5_neighbor_20d,base,0.2938511163337607
2022,t5_neighbor_20d,stress,-0.08668973219946696
2023,t5_neighbor_20d,stress,0.33828513363173296
2024,t5_neighbor_20d,stress,-0.008200162603221983
2025,t5_neighbor_20d,stress,0.832842063307357
2026,t5_neighbor_20d,stress,0.28522028619450457
2022,t5_neighbor_0p,base,-0.058428596779333764
2023,t5_neighbor_0p,base,0.3241018835075329
2024,t5_neighbor_0p,base,0.04469527933828643
2025,t5_neighbor_0p,base,0.8344079254548551
2026,t5_neighbor_0p,base,0.33338891462711073
2022,t5_neighbor_0p,stress,-0.08668973219946696
2023,t5_neighbor_0p,stress,0.33828513363173296
2024,t5_neighbor_0p,stress,0.029311416764532305
2025,t5_neighbor_0p,stress,0.8412343493487606
2026,t5_neighbor_0p,stress,0.28122819866631166
2022,t5_neighbor_4p,base,-0.058428596779333764
2023,t5_neighbor_4p,base,0.3241018835075329
2024,t5_neighbor_4p,base,0.06068467869480676
2025,t5_neighbor_4p,base,0.8939042392700334
2026,t5_neighbor_4p,base,0.31556053075303403
2022,t5_neighbor_4p,stress,-0.08668973219946696
2023,t5_neighbor_4p,stress,0.33828513363173296
2024,t5_neighbor_4p,stress,0.06094899906619888
2025,t5_neighbor_4p,stress,0.8919747829867208
2026,t5_neighbor_4p,stress,0.30453954266145944
2022,t5_neighbor_top1,base,-0.09215290888885053
2023,t5_neighbor_top1,base,0.3781986401353816
2024,t5_neighbor_top1,base,0.03571874899195371
2025,t5_neighbor_top1,base,1.4552933041867724
2026,t5_neighbor_top1,base,0.423910592167005
2022,t5_neighbor_top1,stress,-0.15479627427713016
2023,t5_neighbor_top1,stress,0.3697910283212291
2024,t5_neighbor_top1,stress,0.028099650053510228
2025,t5_neighbor_top1,stress,1.5812278547046885
2026,t5_neighbor_top1,stress,0.45034080305893864
2022,t5_neighbor_top3,base,-0.058428596779333764
2023,t5_neighbor_top3,base,0.3241018835075329
2024,t5_neighbor_top3,base,0.10844309479184688
2025,t5_neighbor_top3,base,0.6890961875383625
2026,t5_neighbor_top3,base,0.22686584063644655
2022,t5_neighbor_top3,stress,-0.08668973219946696
2023,t5_neighbor_top3,stress,0.33828513363173296
2024,t5_neighbor_top3,stress,0.04060682288922823
2025,t5_neighbor_top3,stress,0.7056070201040923
2026,t5_neighbor_top3,stress,0.2683905034415983
2022,t5_neighbor_40i1,base,-0.07500290134837573
2023,t5_neighbor_40i1,base,0.07006399509467509
2024,t5_neighbor_40i1,base,0.28612904331335254
2025,t5_neighbor_40i1,base,0.5266256329127683
2026,t5_neighbor_40i1,base,0.24042885171620387
2022,t5_neighbor_40i1,stress,-0.09257816039912103
2023,t5_neighbor_40i1,stress,0.13560387110644356
2024,t5_neighbor_40i1,stress,0.2424710805052004
2025,t5_neighbor_40i1,stress,0.4547606708353549
2026,t5_neighbor_40i1,stress,0.15970180283598734
2022,t5_neighbor_120i1,base,-0.07779544776697156
2023,t5_neighbor_120i1,base,0.16395131704961075
2024,t5_neighbor_120i1,base,-0.04338329701969712
2025,t5_neighbor_120i1,base,1.0635926247750231
2026,t5_neighbor_120i1,base,0.33593454731551775
2022,t5_neighbor_120i1,stress,-0.09812946753884311
2023,t5_neighbor_120i1,stress,0.12790041482158854
2024,t5_neighbor_120i1,stress,-0.11018697659910115
2025,t5_neighbor_120i1,stress,1.0282236075862214
2026,t5_neighbor_120i1,stress,0.3508060390638823
2022,t5_neighbor_60i2,base,-0.04336325034461341
2023,t5_neighbor_60i2,base,0.3093458271658711
2024,t5_neighbor_60i2,base,0.03316738557854326
2025,t5_neighbor_60i2,base,0.8057283657210645
2026,t5_neighbor_60i2,base,0.24713013460827615
2022,t5_neighbor_60i2,stress,-0.0747470642836563
2023,t5_neighbor_60i2,stress,0.2477647176281066
2024,t5_neighbor_60i2,stress,0.005490845027101843
2025,t5_neighbor_60i2,stress,0.7303397369267466
2026,t5_neighbor_60i2,stress,0.19116072339091672
2022,t5_volatility_control_30,base,-0.04577854987592744
2023,t5_volatility_control_30,base,0.322897070387417
2024,t5_volatility_control_30,base,-0.04765160796568757
2025,t5_volatility_control_30,base,0.7781505345928075
2026,t5_volatility_control_30,base,0.3181794088407106
2022,t5_volatility_control_30,stress,-0.07476666151972788
2023,t5_volatility_control_30,stress,0.34782418509966506
2024,t5_volatility_control_30,stress,-0.13928210639546823
2025,t5_volatility_control_30,stress,0.9086041609098778
2026,t5_volatility_control_30,stress,0.2566542681115964
2022,challenger_a_dual_momentum,base,0.0
2023,challenger_a_dual_momentum,base,0.1622494850434062
2024,challenger_a_dual_momentum,base,-0.23285385033598915
2025,challenger_a_dual_momentum,base,1.030186676109854
2026,challenger_a_dual_momentum,base,0.14768873472092214
2022,challenger_a_dual_momentum,stress,0.0
2023,challenger_a_dual_momentum,stress,0.12667293625178022
2024,challenger_a_dual_momentum,stress,-0.21684535484997347
2025,challenger_a_dual_momentum,stress,0.9827346507300248
2026,challenger_a_dual_momentum,stress,0.22387814860706934
2022,challenger_b_vol_adjusted_trend,base,0.0
2023,challenger_b_vol_adjusted_trend,base,0.10463222081586587
2024,challenger_b_vol_adjusted_trend,base,-0.00773626280308326
2025,challenger_b_vol_adjusted_trend,base,0.6753841792848374
2026,challenger_b_vol_adjusted_trend,base,0.11364549495385878
2022,challenger_b_vol_adjusted_trend,stress,0.0
2023,challenger_b_vol_adjusted_trend,stress,0.07417806345943356
2024,challenger_b_vol_adjusted_trend,stress,-0.13822241189786555
2025,challenger_b_vol_adjusted_trend,stress,0.6319230591301845
2026,challenger_b_vol_adjusted_trend,stress,0.22901973300043044
