label,symbol,name,series,first_date,last_date,rows,source
159516,sz159516,半导体设备ETF国泰,adjusted,2023-07-27,2026-07-17,720,https://web.ifzq.gtimg.cn/appstock/app/fqkline/get
159516,sz159516,半导体设备ETF国泰,raw,2023-07-27,2026-07-17,720,https://web.ifzq.gtimg.cn/appstock/app/fqkline/get
513120,sh513120,港股创新药ETF广发,adjusted,2022-07-12,2026-07-17,974,https://web.ifzq.gtimg.cn/appstock/app/fqkline/get
513120,sh513120,港股创新药ETF广发,raw,2022-07-12,2026-07-17,974,https://web.ifzq.gtimg.cn/appstock/app/fqkline/get
159206,sz159206,卫星ETF永赢,adjusted,2025-03-14,2026-07-17,327,https://web.ifzq.gtimg.cn/appstock/app/fqkline/get
159206,sz159206,卫星ETF永赢,raw,2025-03-14,2026-07-17,327,https://web.ifzq.gtimg.cn/appstock/app/fqkline/get
562500,sh562500,机器人ETF华夏,adjusted,2021-12-29,2026-07-17,1101,https://web.ifzq.gtimg.cn/appstock/app/fqkline/get
562500,sh562500,机器人ETF华夏,raw,2021-12-29,2026-07-17,1101,https://web.ifzq.gtimg.cn/appstock/app/fqkline/get
515880,sh515880,通信ETF国泰,adjusted,2019-09-06,2026-07-17,1661,https://web.ifzq.gtimg.cn/appstock/app/fqkline/get
515880,sh515880,通信ETF国泰,raw,2019-09-06,2026-07-17,1661,https://web.ifzq.gtimg.cn/appstock/app/fqkline/get
561380,sh561380,电网设备ETF国泰,adjusted,2024-12-23,2026-07-17,379,https://web.ifzq.gtimg.cn/appstock/app/fqkline/get
561380,sh561380,电网设备ETF国泰,raw,2024-12-23,2026-07-17,379,https://web.ifzq.gtimg.cn/appstock/app/fqkline/get
上证指数,sh000001,上证指数,adjusted,2013-01-04,2026-07-17,3286,https://web.ifzq.gtimg.cn/appstock/app/fqkline/get
上证指数,sh000001,上证指数,raw,2013-01-04,2026-07-17,3286,https://web.ifzq.gtimg.cn/appstock/app/fqkline/get
深证成指,sz399001,深证成指,adjusted,2013-01-04,2026-07-17,3286,https://web.ifzq.gtimg.cn/appstock/app/fqkline/get
深证成指,sz399001,深证成指,raw,2013-01-04,2026-07-17,3286,https://web.ifzq.gtimg.cn/appstock/app/fqkline/get
创业板指,sz399006,创业板指,adjusted,2013-01-04,2026-07-17,3286,https://web.ifzq.gtimg.cn/appstock/app/fqkline/get
创业板指,sz399006,创业板指,raw,2013-01-04,2026-07-17,3286,https://web.ifzq.gtimg.cn/appstock/app/fqkline/get
科创50,sh000688,科创50,adjusted,2019-12-31,2026-07-17,1585,https://web.ifzq.gtimg.cn/appstock/app/fqkline/get
科创50,sh000688,科创50,raw,2019-12-31,2026-07-17,1585,https://web.ifzq.gtimg.cn/appstock/app/fqkline/get
上证50,sh000016,上证50,adjusted,2013-01-04,2026-07-17,3286,https://web.ifzq.gtimg.cn/appstock/app/fqkline/get
上证50,sh000016,上证50,raw,2013-01-04,2026-07-17,3286,https://web.ifzq.gtimg.cn/appstock/app/fqkline/get
沪深300,sh000300,沪深300,adjusted,2013-01-04,2026-07-17,3286,https://web.ifzq.gtimg.cn/appstock/app/fqkline/get
沪深300,sh000300,沪深300,raw,2013-01-04,2026-07-17,3286,https://web.ifzq.gtimg.cn/appstock/app/fqkline/get
中证500,sh000905,中证500,adjusted,2013-01-04,2026-07-17,3286,https://web.ifzq.gtimg.cn/appstock/app/fqkline/get
中证500,sh000905,中证500,raw,2013-01-04,2026-07-17,3286,https://web.ifzq.gtimg.cn/appstock/app/fqkline/get
中证1000,sh000852,中证1000,adjusted,2014-10-17,2026-07-17,2857,https://web.ifzq.gtimg.cn/appstock/app/fqkline/get
中证1000,sh000852,中证1000,raw,2014-10-17,2026-07-17,2857,https://web.ifzq.gtimg.cn/appstock/app/fqkline/get
