strategy_id,scenario,ending_equity,total_return,cagr,annual_volatility,sharpe,max_drawdown,calmar,total_turnover,annual_turnover,trade_days,trade_days_per_year,average_exposure,average_concentration_hhi,longest_recovery_trading_days,unfilled_trade_days,liquidity_violation_days,capacity_evaluated,maximum_order_participation,count,worst_multiple,p25_multiple,median_multiple,best_multiple,profitable_share
t5_v0_2_baseline,base,3.151847839864551,2.151847839864551,0.34298699015022427,0.23693088461140335,1.3636686112182324,-0.2814857222454731,1.2184880547906378,87.0,22.34862385321101,87,22.34862385321101,0.654434250764526,0.32772680937818555,311,0,0,False,,225,1.5240855969122726,2.068552498386037,2.7555741427898623,4.013223464796688,1.0
t5_v0_2_baseline,stress,3.051003205584542,2.051003205584542,0.3318152609702447,0.3123195609583667,1.0648887534903442,-0.2632463424742656,1.2604743444922972,87.0,22.34862385321101,87,22.34862385321101,0.654434250764526,0.32823649337410804,333,0,0,False,,225,1.4969874069591254,2.045646021745379,2.655545329188023,3.8020939712171757,1.0
t5_neighbor_10d,base,3.0351532003731445,2.0351532003731445,0.33003451367800807,0.23063159642403863,1.3524196152506873,-0.23955432812305477,1.3777021532605132,107.0,27.486238532110093,107,27.486238532110093,0.654434250764526,0.32772680937818555,311,0,0,False,,225,1.5749891341780944,2.1615031316750017,2.5796592630541784,3.651538861240045,1.0
t5_neighbor_10d,stress,2.78542074163202,1.78542074163202,0.3010197116571709,0.30614728349750153,1.0034669274561439,-0.2351547393122334,1.2800920472093202,106.0,27.22935779816514,106,27.22935779816514,0.654434250764526,0.32823649337410804,335,0,0,False,,225,1.4484255147754521,2.091742640083737,2.359700808313834,3.2380875986453725,1.0
t5_neighbor_20d,base,3.143400047878863,2.143400047878863,0.3420614094914014,0.23431610547508863,1.3733912932065524,-0.28148572224547297,1.2151998572528047,80.0,20.55045871559633,80,20.55045871559633,0.654434250764526,0.32772680937818555,311,0,0,False,,225,1.5172790572094834,2.016002279373316,2.5530827582810076,4.0024669566322135,1.0
t5_neighbor_20d,stress,2.8555754642552924,1.8555754642552924,0.3093595409475838,0.3149793631152682,1.0044639805160844,-0.2632463424742655,1.1751712788861493,80.0,20.55045871559633,80,20.55045871559633,0.654434250764526,0.32823649337410804,335,0,0,False,,225,1.3655162041323043,1.8412722508574113,2.3313801140552486,3.558556161831566,1.0
t5_neighbor_0p,base,3.185789333316849,2.185789333316849,0.3466873050067685,0.23766290869389003,1.3718008487414133,-0.27231368259939104,1.2731174640122316,142.0,36.477064220183486,142,36.477064220183486,0.654434250764526,0.32772680937818555,334,0,0,False,,225,1.4576673109806688,1.984013772229574,2.4460989957146557,4.005311956488798,1.0
t5_neighbor_0p,stress,2.967900524188602,1.967900524188602,0.32240089148687057,0.31400883495405607,1.038164120648268,-0.2632463424742655,1.2247117603101663,141.0,36.22018348623853,141,36.22018348623853,0.654434250764526,0.32823649337410804,335,0,0,False,,225,1.340258219711097,1.9155456727257179,2.4058589809225053,3.698533213447683,1.0
t5_neighbor_4p,base,3.294805713602305,2.294805713602305,0.3583775700753802,0.2359547423153051,1.4167634874988295,-0.2814857222454731,1.2731642913058752,74.0,19.009174311926607,74,19.009174311926607,0.654434250764526,0.32772680937818555,311,0,0,False,,225,1.4870968623319143,2.056048789126184,2.6591422110063467,4.195250619187001,1.0
t5_neighbor_4p,stress,3.200619837367975,2.200619837367975,0.3482949395998123,0.31401660272799115,1.1000939177747386,-0.2632463424742655,1.3230760827526444,74.0,19.009174311926607,74,19.009174311926607,0.654434250764526,0.32823649337410804,333,0,0,False,,225,1.459302876378352,1.997000585606398,2.587835801653137,3.988542970240309,1.0
t5_neighbor_top1,base,4.530566001797156,3.5305660017971556,0.4741881841032163,0.2844936228152934,1.506998611420903,-0.2806580259222331,1.6895586097887256,127.0,32.62385321100918,84,21.57798165137615,0.654434250764526,0.654434250764526,311,0,0,False,,225,1.8978074303230064,2.735431028912533,3.560089944332367,5.863208876325672,1.0
t5_neighbor_top1,stress,4.456022139007861,3.456022139007861,0.4679189227976013,0.3820980264836871,1.1881095264331945,-0.25101214574898767,1.8641286117904452,127.0,32.62385321100918,84,21.57798165137615,0.654434250764526,0.654434250764526,334,0,0,False,,225,1.6730609841620097,2.659776719315071,3.542146272001921,5.820210423655529,1.0
t5_neighbor_top3,base,2.8637791433929225,1.8637791433929225,0.3103247967408618,0.21809278561248804,1.348689907257532,-0.2488763415365327,1.246903561925387,64.66666666666666,16.611620795107033,76,19.522935779816514,0.654434250764526,0.24736663268773357,311,0,0,False,,225,1.5401024394099467,2.034367240818955,2.3615189839314743,3.488121328497075,1.0
t5_neighbor_top3,stress,2.75160201946524,1.7516020194652402,0.2969435587292846,0.28968758163307534,1.0329567323397544,-0.2522638836327238,1.1771148309189232,64.66666666666666,16.611620795107033,76,19.522935779816514,0.654434250764526,0.24804621134896362,333,0,0,False,,225,1.40689465655838,1.8980248580059629,2.2928920984448693,3.324740664240043,1.0
t5_neighbor_40i1,base,2.410677291161575,1.410677291161575,0.25361496109235127,0.2348693601193924,1.0797215431211824,-0.2814857222454731,0.9009869455161326,103.0,26.458715596330276,103,26.458715596330276,0.654434250764526,0.32772680937818555,360,0,0,False,,225,1.367263891655151,1.780881769469715,2.1578107740730834,3.1088100796179705,1.0
t5_neighbor_40i1,stress,2.160032395451333,1.1600323954513332,0.21875496582840936,0.31481677793828194,0.7764125883752194,-0.3360628339838895,0.6509347172823529,103.0,26.458715596330276,103,26.458715596330276,0.654434250764526,0.32823649337410804,359,0,0,False,,225,1.298838611961841,1.702698028237882,1.92057247280047,2.755484379702249,1.0
t5_neighbor_120i1,base,2.830799989025692,1.8307999890256919,0.3064318605135541,0.2327634233057718,1.2659377422729268,-0.2814857222454731,1.0886231033996332,86.0,22.091743119266056,86,22.091743119266056,0.6452599388379205,0.32262996941896027,208,0,0,False,,225,1.2899343438175244,1.7683292146932559,2.583404594232955,4.271045802018788,1.0
t5_neighbor_120i1,stress,2.479833589770244,1.479833589770244,0.262756320935035,0.30230574109800806,0.9238463939437388,-0.2909616939773064,0.9030615588714873,86.0,22.091743119266056,86,22.091743119266056,0.6442405708460754,0.3221202854230377,270,0,0,False,,225,1.1257168557861654,1.5641170511646103,2.254310555666048,3.820649189814367,1.0
t5_neighbor_60i2,base,2.914313786053256,1.9143137860532562,0.31622588810635155,0.22509037151920222,1.333472363531491,-0.28148572224547275,1.12341715090822,91.0,23.376146788990827,91,23.376146788990827,0.5586136595310908,0.2798165137614679,311,0,0,False,,225,1.4772622693943418,2.00574322162045,2.4937839410625804,3.5706148368559183,1.0
t5_neighbor_60i2,stress,2.392616204740599,1.392616204740599,0.25119553106993964,0.2978767761264276,0.8916341081492265,-0.2632463424742655,0.9542223026118438,91.0,23.376146788990827,91,23.376146788990827,0.5586136595310908,0.2803261977573904,334,0,0,False,,225,1.2717244737180942,1.7271551056941559,2.090555442050461,2.96047516397053,1.0
t5_volatility_control_30,base,2.8178257300566374,1.8178257300566374,0.30489110901502436,0.18102296884855698,1.5610205842106044,-0.24219490000281518,1.258866759834664,82.0,21.06422018348624,125,32.11009174311927,0.5305810397553516,0.2329892966360856,520,0,0,False,,225,1.3504238804787618,1.7553531415823498,2.314790331458569,2.872178327486039,1.0
t5_volatility_control_30,stress,2.5744059273924025,1.5744059273924025,0.2749554684524258,0.22847013010610823,1.1664114953985074,-0.32185517275325926,0.8542832047730122,81.75,21.0,124,31.853211009174313,0.5313455657492355,0.23397680937818552,527,0,0,False,,225,1.221230251457055,1.6675521930326014,2.154490145973305,2.626628144720924,1.0
challenger_a_dual_momentum,base,2.0774834087077725,1.0774834087077725,0.20661656304854792,0.24198987037392042,0.8983783390927549,-0.38992570817465055,0.5298869982586603,42.0,10.788990825688074,42,10.788990825688074,0.6131498470948012,0.40341488277268095,531,1,0,False,,225,1.1136932604561312,1.5438842073680186,1.741006003812534,2.706658442379756,1.0
challenger_a_dual_momentum,stress,2.141155298155228,1.141155298155228,0.21600999331292936,0.3273234726400001,0.7620027980718586,-0.4256004472428976,0.5075417441693821,42.0,10.788990825688074,41,10.53211009174312,0.6126401630988787,0.4031600407747197,532,0,0,False,,225,1.0541613199844904,1.4829464979472864,1.676152643158336,2.746431745258231,1.0
challenger_b_vol_adjusted_trend,base,2.0450606939736855,1.0450606939736855,0.2017508476412504,0.2237153656912629,0.9339682366372173,-0.24642583187538314,0.8187081934789825,50.01792163284501,12.848640419446424,67,17.211009174311926,0.5638999918946793,0.29673716299239344,520,1,0,False,,225,1.2678860706738588,1.6190002525002192,1.7409138744669597,2.5441062445783453,1.0
challenger_b_vol_adjusted_trend,stress,1.8566498612404276,0.8566498612404276,0.1722805571668815,0.29719634218847013,0.6842723689731998,-0.3448379371090915,0.4995986190242738,50.01792163284501,12.848640419446424,67,17.211009174311926,0.5624368875324661,0.29603119409220835,531,1,0,False,,225,1.0623236858412515,1.368073006158517,1.4652650973832644,2.2545371104507184,1.0
